{"cameraMode":{"drawMode":0,"name":"Shaded","section":"Shading Mode"},"sceneLighting":false,"audioPlay":false,"sceneViewState":{"showFog":true,"showMaterialUpdate":false,"showSkybox":true,"showFlares":true,"showImageEffects":true,"showParticleSystems":true},"in2DMode":false,"pivot":{"x":-9.147188186645508,"y":-23.29656219482422,"z":62.299896240234378},"rotation":{"x":0.6629667282104492,"y":0.0071865650825202469,"z":-0.006352068856358528,"w":0.748600423336029},"size":68.9873275756836,"orthographic":false}